CONS-PF-7655,6563,5,5,565644
CONS-PF-7656,6564,5,5,565645
CONS-PF-7657,6565,5,6564,565646
CONS-PF-7658,6566,5,5,565647
CONS-PF-7659,445,446,447,565648
CONS-PF-7660,446,6564,5,565649
CONS-PF-7661,447,6565,5,565650
CONS-PF-7662,448,6566,5,565651
CONS-PF-7663,449,6567,5,565652
CONS-PF-7664,13,6568,6564,565653
CONS-PF-7665,6564,6569,6565,565654
CONS-PF-7666,15,458,6566,565655
CONS-PF-7667,16,459,6567,565656
CONS-PF-7668,17,460,6568,565657
CONS-PF-7669,6557,461,6569,565658
CONS-PF-7670,6558,462,7,565659
CONS-PF-7671,6559,463,8,565660
CONS-PF-7672,6560,464,9,565661
CONS-PF-7673,6561,465,10,565662
CONS-PF-7674,6562,466,11,565663
CONS-PF-7675,6563,467,12,565664
CONS-PF-7676,6564,468,13,565665
